{
	"partitions" : [
		{
			"name" : "Top",
			"pins" : [
				{
					"name" : "bd1display[0]",
					"strict" : false
				},
				{
					"name" : "bd1display[1]",
					"strict" : false
				},
				{
					"name" : "bd1display[2]",
					"strict" : false
				},
				{
					"name" : "bd1display[3]",
					"strict" : false
				},
				{
					"name" : "bd1display[4]",
					"strict" : false
				},
				{
					"name" : "bd1display[5]",
					"strict" : false
				},
				{
					"name" : "bd1display[6]",
					"strict" : false
				},
				{
					"name" : "bd2display[0]",
					"strict" : false
				},
				{
					"name" : "bd2display[1]",
					"strict" : false
				},
				{
					"name" : "bd2display[2]",
					"strict" : false
				},
				{
					"name" : "bd2display[3]",
					"strict" : false
				},
				{
					"name" : "bd2display[4]",
					"strict" : false
				},
				{
					"name" : "bd2display[5]",
					"strict" : false
				},
				{
					"name" : "bd2display[6]",
					"strict" : false
				},
				{
					"name" : "bd3display[0]",
					"strict" : false
				},
				{
					"name" : "bd3display[1]",
					"strict" : false
				},
				{
					"name" : "bd3display[2]",
					"strict" : false
				},
				{
					"name" : "bd3display[3]",
					"strict" : false
				},
				{
					"name" : "bd3display[4]",
					"strict" : false
				},
				{
					"name" : "bd3display[5]",
					"strict" : false
				},
				{
					"name" : "bd3display[6]",
					"strict" : false
				},
				{
					"name" : "bd4display[0]",
					"strict" : false
				},
				{
					"name" : "bd4display[1]",
					"strict" : false
				},
				{
					"name" : "bd4display[2]",
					"strict" : false
				},
				{
					"name" : "bd4display[3]",
					"strict" : false
				},
				{
					"name" : "bd4display[4]",
					"strict" : false
				},
				{
					"name" : "bd4display[5]",
					"strict" : false
				},
				{
					"name" : "bd4display[6]",
					"strict" : false
				},
				{
					"name" : "clock",
					"strict" : false
				},
				{
					"name" : "clear",
					"strict" : false
				},
				{
					"name" : "enable",
					"strict" : false
				}
			]
		}
	]
}