{
	"partitions" : [
		{
			"name" : "Top",
			"pins" : [
				{
					"name" : "bd1display[0]",
					"strict" : false
				},
				{
					"name" : "bd1display[1]",
					"strict" : false
				},
				{
					"name" : "bd1display[2]",
					"strict" : false
				},
				{
					"name" : "bd1display[3]",
					"strict" : false
				},
				{
					"name" : "bd1display[4]",
					"strict" : false
				},
				{
					"name" : "bd1display[5]",
					"strict" : false
				},
				{
					"name" : "bd1display[6]",
					"strict" : false
				},
				{
					"name" : "clock",
					"strict" : false
				}
			]
		}
	]
}