{
	"partitions" : [
		{
			"name" : "Top",
			"pins" : [
				{
					"name" : "Z",
					"strict" : false
				},
				{
					"name" : "LED_ADVISOR[0]",
					"strict" : false
				},
				{
					"name" : "LED_ADVISOR[1]",
					"strict" : false
				},
				{
					"name" : "LED_ADVISOR[2]",
					"strict" : false
				},
				{
					"name" : "LED_ADVISOR[3]",
					"strict" : false
				},
				{
					"name" : "LED_ADVISOR[4]",
					"strict" : false
				},
				{
					"name" : "LED_ADVISOR[6]",
					"strict" : false
				},
				{
					"name" : "LED_ADVISOR[7]",
					"strict" : false
				},
				{
					"name" : "LED_ADVISOR[8]",
					"strict" : false
				},
				{
					"name" : "W",
					"strict" : false
				},
				{
					"name" : "RESET",
					"strict" : false
				},
				{
					"name" : "CLOCK",
					"strict" : false
				}
			]
		}
	]
}