{
	"partitions" : [
		{
			"name" : "Top",
			"pins" : [
				{
					"name" : "led",
					"strict" : false
				},
				{
					"name" : "clock",
					"strict" : false
				},
				{
					"name" : "letra[2]",
					"strict" : false
				},
				{
					"name" : "letra[1]",
					"strict" : false
				},
				{
					"name" : "trigger",
					"strict" : false
				},
				{
					"name" : "reset",
					"strict" : false
				},
				{
					"name" : "letra[0]",
					"strict" : false
				}
			]
		}
	]
}