{
	"partitions" : [
		{
			"name" : "Top",
			"pins" : [
				{
					"name" : "bd1counter[6]",
					"strict" : false
				},
				{
					"name" : "bd1counter[5]",
					"strict" : false
				},
				{
					"name" : "bd1counter[4]",
					"strict" : false
				},
				{
					"name" : "bd1counter[3]",
					"strict" : false
				},
				{
					"name" : "bd1counter[2]",
					"strict" : false
				},
				{
					"name" : "bd1counter[1]",
					"strict" : false
				},
				{
					"name" : "bd1counter[0]",
					"strict" : false
				},
				{
					"name" : "bd2counter[6]",
					"strict" : false
				},
				{
					"name" : "bd2counter[5]",
					"strict" : false
				},
				{
					"name" : "bd2counter[4]",
					"strict" : false
				},
				{
					"name" : "bd2counter[3]",
					"strict" : false
				},
				{
					"name" : "bd2counter[2]",
					"strict" : false
				},
				{
					"name" : "bd2counter[1]",
					"strict" : false
				},
				{
					"name" : "bd2counter[0]",
					"strict" : false
				},
				{
					"name" : "enable",
					"strict" : false
				},
				{
					"name" : "clock",
					"strict" : false
				},
				{
					"name" : "clear",
					"strict" : false
				}
			]
		}
	]
}